<?xml version="1.0" encoding="UTF-8"?>
<mule xmlns="http://www.mulesoft.org/schema/mule/core" xmlns:apikit="http://www.mulesoft.org/schema/mule/apikit" xmlns:doc="http://www.mulesoft.org/schema/mule/documentation" xmlns:http="http://www.mulesoft.org/schema/mule/http" xmlns:spring="http://www.springframework.org/schema/beans" xmlns:xsi="http://www.w3.org/2001/XMLSchema-instance" xsi:schemaLocation="http://www.mulesoft.org/schema/mule/core http://www.mulesoft.org/schema/mule/core/current/mule.xsd
http://www.mulesoft.org/schema/mule/http http://www.mulesoft.org/schema/mule/http/current/mule-http.xsd
http://www.mulesoft.org/schema/mule/apikit http://www.mulesoft.org/schema/mule/apikit/current/mule-apikit.xsd
http://www.springframework.org/schema/beans http://www.springframework.org/schema/beans/spring-beans-3.1.xsd">
    <http:listener-config name="muledeploy-httpListenerConfig" host="0.0.0.0" port="8081" doc:name="HTTP Listener Configuration" />
    <apikit:config name="muledeploy-config" raml="muledeploy.raml" consoleEnabled="false" doc:name="Router" />
    <flow name="muledeploy-main">
        <http:listener config-ref="muledeploy-httpListenerConfig" path="/api/*" doc:name="HTTP" />
        <apikit:router config-ref="muledeploy-config" doc:name="APIkit Router" />
        <exception-strategy ref="muledeploy-apiKitGlobalExceptionMapping" doc:name="Reference Exception Strategy" />
    </flow>
    <flow name="muledeploy-console">
        <http:listener config-ref="muledeploy-httpListenerConfig" path="/console/*" doc:name="HTTP" />
        <apikit:console config-ref="muledeploy-config" doc:name="APIkit Console" />
    </flow>
    <flow name="get:/cost:muledeploy-config">
        <set-payload value="#[NullPayload.getInstance()]" doc:name="Set Payload" />
    </flow>
    <flow name="post:/cost:muledeploy-config">
        <set-payload value="#[NullPayload.getInstance()]" doc:name="Set Payload" />
    </flow>
    <flow name="get:/check:muledeploy-config">
        <set-payload value="{ &quot;TEPartKeyID&quot;: &quot;1&quot;,&quot;Effective_From&quot;:&quot;01/01/2019&quot;, &quot;Effective_To&quot;:&quot;02/05/2019&quot;,&quot;Cost_Type&quot;:&quot;Misc&quot;,&quot;Currency_Code&quot;:&quot;INR&quot;,&quot;Cost&quot;:12000}" doc:name="Set Payload" />
    </flow>
    <flow name="post:/check:muledeploy-config">
        <set-payload value="{ &quot;TEPartKeyID&quot;: &quot;2&quot;,&quot;Effective_From&quot;:&quot;01/01/2019&quot;, &quot;Effective_To&quot;:&quot;02/05/2019&quot;,&quot;Cost_Type&quot;:&quot;Misc&quot;,&quot;Currency_Code&quot;:&quot;INR&quot;,&quot;Cost&quot;:14000}" doc:name="Set Payload"/>
    </flow>
    <apikit:mapping-exception-strategy name="muledeploy-apiKitGlobalExceptionMapping">
        <apikit:mapping statusCode="404">
            <apikit:exception value="org.mule.module.apikit.exception.NotFoundException" />
            <set-property propertyName="Content-Type" value="application/json" doc:name="Property" />
            <set-payload value="{ &quot;message&quot;: &quot;Resource not found&quot; }" doc:name="Set Payload" />
        </apikit:mapping>
        <apikit:mapping statusCode="405">
            <apikit:exception value="org.mule.module.apikit.exception.MethodNotAllowedException" />
            <set-property propertyName="Content-Type" value="application/json" doc:name="Property" />
            <set-payload value="{ &quot;message&quot;: &quot;Method not allowed&quot; }" doc:name="Set Payload" />
        </apikit:mapping>
        <apikit:mapping statusCode="415">
            <apikit:exception value="org.mule.module.apikit.exception.UnsupportedMediaTypeException" />
            <set-property propertyName="Content-Type" value="application/json" doc:name="Property" />
            <set-payload value="{ &quot;message&quot;: &quot;Unsupported media type&quot; }" doc:name="Set Payload" />
        </apikit:mapping>
        <apikit:mapping statusCode="406">
            <apikit:exception value="org.mule.module.apikit.exception.NotAcceptableException" />
            <set-property propertyName="Content-Type" value="application/json" doc:name="Property" />
            <set-payload value="{ &quot;message&quot;: &quot;Not acceptable&quot; }" doc:name="Set Payload" />
        </apikit:mapping>
        <apikit:mapping statusCode="400">
            <apikit:exception value="org.mule.module.apikit.exception.BadRequestException" />
            <set-property propertyName="Content-Type" value="application/json" doc:name="Property" />
            <set-payload value="{ &quot;message&quot;: &quot;Bad request&quot; }" doc:name="Set Payload" />
        </apikit:mapping>
    </apikit:mapping-exception-strategy>
</mule>
